"sex","n_cache","mean_cache","sd_cache","se_cache","tcrit_cache","ci_low_cache","ci_high_cache","min_cache","max_cache"
"M",762,12622,17097,619,1.96308617190014,11406,13838,8,128069
"f_non_breeder",79,5163,8741,983,1.99084706881169,3205,7120,10,39669
"f_weaned",239,7451,12963,839,1.96998152952994,5799,9103,6,93027
"f_lac",75,9599,13934,1609,1.99254349518093,6393,12805,20,75711
