"sex","n","mean_cache_size","sd_cache_size","mean_total_cones","sd_total_cones"
"M",840,12346.7249256957,16823.2917725831,729.622471428571,1157.07912904319
"f_non_breeder",87,4643.53908911557,8405.6078560987,159.617183908046,540.049728698449
"f_weaned",246,7353.29429631808,12883.7038059602,275.369548780488,592.748751043954
"f_lac",81,9439.93226007998,13703.6291344287,1634.74325925926,1210.61159722277
