"sex","n","mean_log_cache_size","sd_log_cache_size","mean_log_total_cones","sd_log_total_cones"
"M",753,8.1971227280448,2.02163647722627,4.75857075036704,2.02355229106866
"f_non_breeder",69,7.18245779813851,1.93091447801732,3.94059203740172,1.1524493999513
"f_weaned",207,7.62609923892191,2.03822950892007,4.36581991000204,1.58550785248242
"f_lac",75,8.10153318412527,1.79675641229483,6.88450659094944,1.12692224440086
