"sex","n","mean_cache_size","sd_cache_size","mean_total_cones","sd_total_cones"
"M",753,12710.4237518316,17177.0461518505,604.164932498431,932.041496157966
"f_non_breeder",69,5155.85561521764,8810.94976617302,133.267290845542,427.925684001056
"f_weaned",207,7951.78098418246,13314.8665816192,281.692123437652,544.964502366675
"f_lac",75,9598.92438644206,13933.7887935728,1402.60304673674,830.794889640237
