"sex","n","mean_cache_size","sd_cache_size","mean_total_cones","sd_total_cones"
"M",753,12710.4237518316,17177.0461518505,604.164932498431,932.041496157966
"f_non_breeder",77,5267.73175696004,8829.71919420099,125.491343488813,405.429323214776
"f_weaned",239,7451.03887030282,12963.030508989,251.79845637146,512.699076252977
"f_lac",75,9598.92438644206,13933.7887935728,1402.60304673674,830.794889640237
