"sex","n","mean_log_cache_size","sd_log_cache_size","mean_log_total_cones","sd_log_total_cones"
"M",866,8.18097037738447,2.01969845382379,4.83071976480163,2.05154746517419
"f_non_lac",260,7.44999498215558,2.02893220342358,4.14990096076068,1.41907978917733
"f_lac",91,8.18470795579493,1.75155659249978,6.73614633488541,1.27117261410782
