"term","estimate","std.error","tvalue","df","pvalue"
"(Intercept)",4.964,0.135,36.836,1098.92807738655,0
"sexf_non_breeder",-0.451,0.201,-2.249,1071.06459029311,0.025
"sexf_weaned",-0.292,0.129,-2.258,803.682441697907,0.024
"sexf_lac",-1.519,0.2,-7.596,1081.9796524505,0
"log_total_cones",0.675,0.025,27.052,968.639842114637,0
