"age_class","mean_cache","median_cache","sd_cache","min_cache","max_cache","n"
"juvenile",7.37013544309858,8.89999748790594,3.64035552269964,0,10.9653885286667,140
"yearling",5.02552703905163,6.01518024950389,4.12026928544972,0,11.4506335364609,600
"adult",5.26116963988665,6.66270776150365,4.03173737429619,0,11.7603359225443,1386
