"n_years","mean_av","sd_av","se_av","tcrit","ci_lo_av","ci_hi_av","min_av","max_av"
14,584.065387613737,968.794583125698,258.921243444204,2.16036865646279,24.7000487845077,1143.43072644297,2.30060685883557,2776.49839577697
